<?xml version="1.0" encoding="UTF-8"?>
<GenRun Id="synth_1" LaunchPart="xc7a35tftg256-1" LaunchTime="1704915589">
  <File Type="RDS-PROPCONSTRS" Name="au_top_0_drc_synth.rpt"/>
  <File Type="PA-TCL" Name="au_top_0.tcl"/>
  <File Type="RDS-RDS" Name="au_top_0.vds"/>
  <File Type="RDS-UTIL" Name="au_top_0_utilization_synth.rpt"/>
  <File Type="RDS-UTIL-PB" Name="au_top_0_utilization_synth.pb"/>
  <File Type="RDS-DCP" Name="au_top_0.dcp"/>
  <File Type="VDS-TIMINGSUMMARY" Name="au_top_0_timing_summary_synth.rpt"/>
  <File Type="VDS-TIMING-PB" Name="au_top_0_timing_summary_synth.pb"/>
  <FileSet Name="sources" Type="DesignSrcs" RelSrcDir="$PSRCDIR/sources_1">
    <Filter Type="Srcs"/>
    <File Path="$PSRCDIR/sources_1/imports/verilog/au_top_0.v">
      <FileInfo>
        <Attr Name="ImportPath" Val="$PPRDIR/../../verilog/au_top_0.v"/>
        <Attr Name="ImportTime" Val="1704915583"/>
        <Attr Name="UsedIn" Val="synthesis"/>
        <Attr Name="UsedIn" Val="implementation"/>
        <Attr Name="UsedIn" Val="simulation"/>
      </FileInfo>
    </File>
    <Config>
      <Option Name="DesignMode" Val="RTL"/>
      <Option Name="TopModule" Val="au_top_0"/>
      <Option Name="TopAutoSet" Val="TRUE"/>
    </Config>
  </FileSet>
  <FileSet Name="constrs_in" Type="Constrs" RelSrcDir="$PSRCDIR/constrs_1">
    <Filter Type="Constrs"/>
    <File Path="C:/Program Files/Alchitry/Alchitry Labs/library/components/au.xdc">
      <FileInfo>
        <Attr Name="UsedIn" Val="synthesis"/>
        <Attr Name="UsedIn" Val="implementation"/>
      </FileInfo>
    </File>
    <File Path="$PPRDIR/../../constraint/Alchitry-UCD.xdc">
      <FileInfo>
        <Attr Name="UsedIn" Val="synthesis"/>
        <Attr Name="UsedIn" Val="implementation"/>
      </FileInfo>
    </File>
    <Config>
      <Option Name="ConstrsType" Val="XDC"/>
    </Config>
  </FileSet>
  <Strategy Version="1" Minor="2">
    <StratHandle Name="Vivado Synthesis Defaults" Flow="Vivado Synthesis 2016">
      <Desc>Vivado Synthesis Defaults</Desc>
    </StratHandle>
    <Step Id="synth_design"/>
  </Strategy>
</GenRun>
